{
  "n_real_records": 14003,
  "exam_score": {
    "mean": 87.0,
    "std": 17.68811323308501,
    "min": 40.0,
    "p10": 46.0,
    "p25": 55.0,
    "p50": 70.0,
    "p75": 86.0,
    "p90": 94.0,
    "max": 100.0
  },
  "attendance": {
    "mean": 80.1943155038206,
    "std": 11.47218077926661,
    "min": 60.0,
    "p10": 64.0,
    "p25": 70.0,
    "p50": 80.0,
    "p75": 90.0,
    "p90": 96.0,
    "max": 100.0
  },
  "assignment_complete": {
    "mean": 74.50253517103478,
    "std": 14.632177015041274,
    "min": 50.0,
    "p10": 54.0,
    "p25": 62.0,
    "p50": 74.0,
    "p75": 87.0,
    "p90": 95.0,
    "max": 100.0
  },
  "study_hours": {
    "mean": 19.987431264728986,
    "std": 5.890636569434374,
    "min": 5.0,
    "p10": 12.0,
    "p25": 16.0,
    "p50": 20.0,
    "p75": 24.0,
    "p90": 27.0,
    "max": 44.0
  },
  "correlations": {
    "att_exam": 0.44,
    "assign_exam": 0.45,
    "study_exam": 0.26,
    "att_assign": 0.38
  },
  "final_grade_dist": {
    "0": 0.2736556452188817,
    "1": 0.23637791901735342,
    "2": 0.2583732057416268,
    "3": 0.2315932300221381
  }
}